{"cameraMode":{"drawMode":0,"name":"Shaded","section":"Shading Mode"},"sceneLighting":false,"audioPlay":false,"sceneViewState":{"m_AlwaysRefresh":false,"showFog":true,"showSkybox":false,"showFlares":true,"showImageEffects":true,"showParticleSystems":true,"showVisualEffectGraphs":true,"m_FxEnabled":true},"in2DMode":false,"pivot":{"x":0.036810554563999179,"y":0.0245671309530735,"z":-0.011652901768684388},"rotation":{"x":-0.18730610609054566,"y":0.529731273651123,"z":-0.12124455720186234,"w":-0.8183234930038452},"size":0.14049772918224336,"orthographic":false}